[
  {
    "icon": "fa fa-home",
    "slug": "external",
    "title": "Volver al inicio",
    "path": "index.html"
  },  
  { 
    "id": 1,
    "icon": "fa fa-file-text",
    "slug": "introducion",
    "title": "Introducción",
    "breadcrumb": ["Inicio","Introducción"],
    "path": "pages/introduccion.html"
  },  
  { 
    "id": 1,
    "icon": "fa fa-play-circle",
    "slug": "Materiales_e_insumos_de_confeccion",
    "title": "1. Materiales e insumos de confección",
    "breadcrumb": ["Inicio","Introducción"],
    "path": "pages/1-tema.html",    
    "submenu": [
      {
        "icon": "fa fa-play-circle",
        "slug": "Materiales_e_insumos_de_confeccion",
        "title": "1.1. Clasificación y descripción de materiales de acuerdo con procesos de producción",
        "anchor": "11"
      },
      {
        "icon": "fa fa-file-text",
        "slug": "Materiales_e_insumos_de_confeccion",
        "title": "1.2. Clasificación y descripción de insumos de acuerdo con líneas de producción",
        "anchor": "12"
      }    
    ]   
  },
  { 
    "id": 1,
    "icon": "fa fa-play-circle",
    "slug": "Textiles",
    "title": "2. Textiles",
    "breadcrumb": ["Inicio","Introducción"],
    "path": "pages/2-tema.html",    
    "submenu": [
      {
        "icon": "fa fa-file-text",
        "slug": "Textiles",
        "title": "2.1. Clasificación y descripción de textiles",
        "anchor": "21"
      },
      {
        "icon": "fa fa-file-text",
        "slug": "Textiles",
        "title": "2.2. Clasificación y propiedades de hilos",
        "anchor": "22"
      },
      {
        "icon": "fa fa-file-text",
        "slug": "Textiles",
        "title": "2.3. Clasificación y usos de tejidos",
        "anchor": "23"
      },
      {
        "icon": "fa fa-file-text",
        "slug": "Textiles",
        "title": "2.4. Aplicación de textiles de acuerdo con líneas de producción",
        "anchor": "24"
      }    
    ]   
  },
  { 
    "id": 1,
    "icon": "fa fa-play-circle",
    "slug": "Puesta_a_punto_y_manejo_basico_de_maquinaria_de_confeccion",
    "title": "3. Puesta a punto y manejo básico de maquinaria de confección",
    "breadcrumb": ["Inicio","Introducción"],
    "path": "pages/3-tema.html",    
    "submenu": [
      {
        "icon": "fa fa-file-text",
        "slug": "Puesta_a_punto_y_manejo_basico_de_maquinaria_de_confeccion",
        "title": "3.1. Enhebrados de maquinaria de confección industrial",
        "anchor": "31"
      },
      {
        "icon": "fa fa-file-text",
        "slug": "Puesta_a_punto_y_manejo_basico_de_maquinaria_de_confeccion",
        "title": "3.2. Graduación de tensiones de los hilos",
        "anchor": "32"
      },
      {
        "icon": "fa fa-file-text",
        "slug": "Puesta_a_punto_y_manejo_basico_de_maquinaria_de_confeccion",
        "title": "3.3. Nivel de arrastre: ajuste de maquinaria",
        "anchor": "33"
      },
      {
        "icon": "fa fa-play-circle",
        "slug": "Puesta_a_punto_y_manejo_basico_de_maquinaria_de_confeccion",
        "title": "3.4. Calibración de puntada",
        "anchor": "34"
      },
      {
        "icon": "fa fa-play-circle",
        "slug": "Puesta_a_punto_y_manejo_basico_de_maquinaria_de_confeccion",
        "title": "3.5. Puesta a punto de la maquinaría y prueba de costura según operación de confección",
        "anchor": "35"
      },
      {
        "icon": "fa fa-play-circle",
        "slug": "Puesta_a_punto_y_manejo_basico_de_maquinaria_de_confeccion",
        "title": "3.6. Manejo y operaciones básicas de máquinas de confección industrial",
        "anchor": "36"
      }      
    ]   
  },
  { 
    "id": 1,
    "icon": "fa fa-file-text",
    "slug": "Normas_de_Calidad",
    "title": "4. Normas de Calidad",
    "breadcrumb": ["Inicio","Introducción"],
    "path": "pages/4-tema.html",    
    "submenu": [
      {
        "icon": "fa fa-file-text",
        "slug": "Normas_de_Calidad",
        "title": "4.1. Normas Técnicas Colombianas en Confección",
        "anchor": "41"
      },
      {
        "icon": "fa fa-file-text",
        "slug": "Normas_de_Calidad",
        "title": "4.2. Normas de calidad internacional: ISO 9001 Versión 2015. Sistema de Gestión de la Calidad – Requisitos",
        "anchor": "42"
      }    
    ]   
  }
]